Fecha,Nombre,Apellido,Email,Rubro,Emprendimiento,Descripción,Puntaje,Tutor1,Tutor2,Tutor3,Tutor4,Tutor5
2024-01-15,Juan,Pérez,juan.perez@ejemplo.com,Tecnología,TechSolutions,Desarrollo de aplicaciones móviles,8.5,Roberto Hernández,Laura Sánchez,Pedro Ramírez,,
2024-02-10,María,García,maria.garcia@ejemplo.com,Salud,MediCare Plus,Consultoría en telemedicina,9.2,Carmen Torres,Miguel Flores,Ana Morales,Carlos Vargas,
2024-01-22,Carlos,López,carlos.lopez@ejemplo.com,Legal,LegalTech,Automatización de procesos legales,7.8,Sofía Castro,Diego Mendoza,Lucía Jiménez,,
2024-03-05,Ana,Martínez,ana.martinez@ejemplo.com,Construcción,EcoArq,Diseño arquitectónico sostenible,8.9,Roberto Hernández,Carmen Torres,Sofia Castro,Miguel Flores,Pedro Ramírez
2024-02-28,Luis,Rodríguez,luis.rodriguez@ejemplo.com,Tecnología,InnovateTech,Soluciones de IoT para industria,8.1,Laura Sánchez,Ana Morales,Diego Mendoza,Lucia Jiménez,
2024-01-18,Sofía,González,sofia.gonzalez@ejemplo.com,Educación,EduTech Pro,Plataforma de e-learning adaptativo,9.0,Miguel Flores,Roberto Hernández,Laura Sánchez,,
2024-02-15,Diego,Fernández,diego.fernandez@ejemplo.com,Finanzas,FinTech Solutions,App de gestión financiera personal,7.5,Carlos Vargas,Ana Morales,Pedro Ramírez,Carmen Torres,
2024-03-12,Valentina,Silva,valentina.silva@ejemplo.com,Agricultura,AgroTech,Sistema de riego inteligente,8.7,Diego Mendoza,Lucia Jiménez,Sofia Castro,,
2024-01-25,Andrés,Moreno,andres.moreno@ejemplo.com,Logística,LogiSmart,Optimización de rutas de entrega,8.3,Laura Sánchez,Carmen Torres,Miguel Flores,Roberto Hernández,
2024-02-08,Isabella,Herrera,isabella.herrera@ejemplo.com,Turismo,TravelConnect,Marketplace de experiencias turísticas,8.8,Ana Morales,Carlos Vargas,Diego Mendoza,,
2024-03-18,Sebastián,Ruiz,sebastian.ruiz@ejemplo.com,Retail,RetailAI,Análisis predictivo para retail,7.9,Pedro Ramírez,Sofia Castro,Laura Sánchez,Lucia Jiménez,
2024-01-30,Camila,Torres,camila.torres@ejemplo.com,Salud,HealthTrack,Monitoreo de signos vitales IoT,9.1,Roberto Hernández,Miguel Flores,Ana Morales,,
2024-02-20,Mateo,Vargas,mateo.vargas@ejemplo.com,Energía,GreenEnergy,Paneles solares inteligentes,8.4,Carmen Torres,Diego Mendoza,Carlos Vargas,Pedro Ramírez,
2024-03-08,Luciana,Mendoza,luciana.mendoza@ejemplo.com,Alimentación,FoodTech,App de delivery sostenible,8.6,Sofía Castro,Laura Sánchez,Roberto Hernández,,
2024-01-12,Gabriel,Castro,gabriel.castro@ejemplo.com,Deportes,SportAnalytics,Análisis de rendimiento deportivo,7.7,Ana Morales,Miguel Flores,Carmen Torres,Diego Mendoza,
2024-02-25,Victoria,Jiménez,victoria.jimenez@ejemplo.com,Moda,FashionTech,Probador virtual con IA,8.2,Carlos Vargas,Lucia Jiménez,Pedro Ramírez,,
2024-03-15,Alejandro,Ramírez,alejandro.ramirez@ejemplo.com,Inmobiliaria,PropTech,Plataforma de inversión inmobiliaria,8.0,Laura Sánchez,Sofia Castro,Roberto Hernández,Ana Morales,
2024-01-28,Natalia,Flores,natalia.flores@ejemplo.com,Medios,MediaStream,Plataforma de streaming educativo,8.5,Diego Mendoza,Carmen Torres,Miguel Flores,,
2024-02-12,Fernando,Luna,fernando.luna@ejemplo.com,Seguridad,SecureNet,Sistema de ciberseguridad con IA,9.3,Roberto Hernández,Pedro Ramírez,Carlos Vargas,Laura Sánchez,
2024-03-22,Paula,Vega,paula.vega@ejemplo.com,Transporte,MobilityHub,Plataforma de movilidad compartida,7.6,Ana Morales,Lucia Jiménez,Diego Mendoza,,
2024-01-20,Ricardo,Aguilar,ricardo.aguilar@ejemplo.com,Legal,ContractAI,Automatización de contratos legales,8.7,Miguel Flores,Sofia Castro,Carmen Torres,Roberto Hernández,
2024-02-18,Daniela,Ortiz,daniela.ortiz@ejemplo.com,Marketing,AdTech Pro,Optimización de campañas digitales,8.1,Carlos Vargas,Laura Sánchez,Pedro Ramírez,,
2024-03-10,Manuel,Paredes,manuel.paredes@ejemplo.com,Recursos Humanos,HRTech,Plataforma de gestión de talento,7.4,Diego Mendoza,Ana Morales,Lucia Jiménez,Miguel Flores,
2024-01-08,Carolina,Guzmán,carolina.guzman@ejemplo.com,Biotecnología,BioInnovate,Diagnóstico médico con biosensores,9.4,Roberto Hernández,Carmen Torres,Sofia Castro,,
2024-02-05,Rodrigo,Salazar,rodrigo.salazar@ejemplo.com,Gaming,GameDev Studio,Desarrollo de videojuegos educativos,8.3,Laura Sánchez,Carlos Vargas,Pedro Ramírez,Ana Morales,
2024-01-16,Emilia,Rodriguez,emilia.rodriguez@ejemplo.com,Tecnología,CloudTech,Servicios de computación en la nube,8.8,Fernando Rodriguez,Patricia González,Alejandro López,,
2024-02-22,Santiago,González,santiago.gonzalez@ejemplo.com,Salud,TeleMed,Consultas médicas virtuales,9.0,Isabella Martín,Sebastián Ruiz,Valentina Silva,Andrés Moreno,
2024-03-01,Isidora,López,isidora.lopez@ejemplo.com,Educación,SmartEdu,Inteligencia artificial en educación,8.6,Camila Herrera,Mateo Vargas,Luciana Mendoza,,
2024-01-14,Tomás,Martín,tomas.martin@ejemplo.com,Finanzas,CryptoWallet,Billetera digital para criptomonedas,7.9,Gabriel Castro,Victoria Jiménez,Ricardo Aguilar,Daniela Ortiz,
2024-02-26,Antonia,Ruiz,antonia.ruiz@ejemplo.com,Agricultura,SmartFarm,Agricultura de precisión con drones,8.4,Manuel Paredes,Carolina Guzmán,Rodrigo Salazar,,
2024-03-14,Joaquín,Silva,joaquin.silva@ejemplo.com,Logística,DroneDelivery,Entrega de paquetes con drones,8.2,Natalia Flores,Javier Luna,Paula Vega,Emilio Ramos,
2024-01-11,Francisca,Moreno,francisca.moreno@ejemplo.com,Turismo,EcoTravel,Turismo sostenible y ecológico,8.7,Sofía Delgado,Leonardo Peña,María Cortés,,
2024-02-17,Nicolás,Herrera,nicolas.herrera@ejemplo.com,Retail,VirtualStore,Tienda virtual con realidad aumentada,7.8,Antonio Guerrero,Valeria Romero,Francisco Medina,Adriana Navarro,
2024-03-06,Catalina,Vargas,catalina.vargas@ejemplo.com,Salud,MentalHealth,Plataforma de salud mental digital,9.2,Nicolás Reyes,Catalina Morales,Eduardo Rojas,,
2024-01-23,Benjamín,Mendoza,benjamin.mendoza@ejemplo.com,Energía,SolarTech,Paneles solares para hogares,8.1,Mariana Fuentes,Tomás Espinoza,Constanza Figueroa,Ignacio Campos,
2024-02-29,Martina,Castro,martina.castro@ejemplo.com,Alimentación,HealthyFood,Comida saludable a domicilio,8.5,Fernanda Soto,Maximiliano Vera,Antonia Cáceres,,
2024-03-13,Vicente,Jiménez,vicente.jimenez@ejemplo.com,Deportes,FitnessTech,Entrenador personal virtual con IA,7.6,Benjamín Carrasco,Javiera Tapia,Vicente Bravo,Francisca Muñoz,
2024-01-19,Agustina,Ramírez,agustina.ramirez@ejemplo.com,Inmobiliaria,SmartHome,Casas inteligentes automatizadas,8.3,Cristóbal Araya,Martina Pizarro,Roberto Hernández,,
2024-02-14,Maximiliano,Flores,maximiliano.flores@ejemplo.com,Medios,PodcastPlatform,Plataforma de podcasts educativos,8.9,Laura Sánchez,Pedro Ramírez,Carmen Torres,Miguel Flores,
2024-03-07,Emilia,Luna,emilia.luna@ejemplo.com,Seguridad,HomeSecurity,Sistema de seguridad para el hogar,7.7,Ana Morales,Carlos Vargas,Sofia Castro,,
2024-01-26,Ignacio,Vega,ignacio.vega@ejemplo.com,Transporte,BikeShare,Sistema de bicicletas compartidas,8.0,Diego Mendoza,Lucia Jiménez,Fernando Rodriguez,Patricia González,
2024-02-11,Florencia,Aguilar,florencia.aguilar@ejemplo.com,Legal,LegalBot,Asistente legal automatizado,8.4,Alejandro López,Isabella Martín,Sebastián Ruiz,,
2024-03-20,Lorenzo,Ortiz,lorenzo.ortiz@ejemplo.com,Marketing,SocialMedia,Gestión automática de redes sociales,7.5,Valentina Silva,Andrés Moreno,Camila Herrera,Mateo Vargas,
2024-01-13,Dominga,Paredes,dominga.paredes@ejemplo.com,Recursos Humanos,RemoteWork,Plataforma para trabajo remoto,8.8,Luciana Mendoza,Gabriel Castro,Victoria Jiménez,,
2024-02-24,Cristóbal,Guzmán,cristobal.guzman@ejemplo.com,Biotecnología,GeneTech,Análisis genético personalizado,9.1,Ricardo Aguilar,Daniela Ortiz,Manuel Paredes,Carolina Guzmán,
2024-03-11,Isabella,Salazar,isabella.salazar@ejemplo.com,Gaming,VRGaming,Videojuegos de realidad virtual,7.9,Rodrigo Salazar,Natalia Flores,Javier Luna,,
2024-01-27,Matías,Rodriguez,matias.rodriguez@ejemplo.com,Tecnología,BlockchainTech,Soluciones blockchain empresariales,8.6,Paula Vega,Emilio Ramos,Sofía Delgado,Leonardo Peña,
2024-02-13,Constanza,González,constanza.gonzalez@ejemplo.com,Salud,WellnessTech,Aplicación de bienestar y mindfulness,8.2,María Cortés,Antonio Guerrero,Valeria Romero,,
2024-03-19,Felipe,López,felipe.lopez@ejemplo.com,Educación,OnlineCourses,Plataforma de cursos online masivos,8.5,Francisco Medina,Adriana Navarro,Nicolás Reyes,Catalina Morales,
2024-01-21,Amparo,Martín,amparo.martin@ejemplo.com,Finanzas,InvestmentApp,App de inversiones para principiantes,7.8,Eduardo Rojas,Mariana Fuentes,Tomás Espinoza,,
2024-02-27,Sebastián,Ruiz,sebastian.ruiz2@ejemplo.com,Agricultura,OrganicFarm,Producción orgánica automatizada,8.7,Constanza Figueroa,Ignacio Campos,Fernanda Soto,Maximiliano Vera,
2024-03-04,Esperanza,Silva,esperanza.silva@ejemplo.com,Logística,SmartLogistics,Gestión inteligente de inventarios,8.1,Antonia Cáceres,Benjamín Carrasco,Javiera Tapia,,
2024-01-17,Bruno,Moreno,bruno.moreno@ejemplo.com,Turismo,LocalGuide,Guías turísticos locales digitales,7.4,Vicente Bravo,Francisca Muñoz,Cristóbal Araya,Martina Pizarro,
2024-02-21,Josefina,Herrera,josefina.herrera@ejemplo.com,Retail,FashionAI,Recomendador de moda con IA,8.9,Roberto Hernández,Laura Sánchez,Pedro Ramírez,,
2024-03-09,Alonso,Vargas,alonso.vargas@ejemplo.com,Salud,PharmaTech,Farmacia digital automatizada,8.3,Carmen Torres,Miguel Flores,Ana Morales,Carlos Vargas,
2024-01-24,Javiera,Mendoza,javiera.mendoza@ejemplo.com,Energía,WindPower,Energía eólica para comunidades,7.6,Sofia Castro,Diego Mendoza,Lucia Jiménez,,
2024-02-16,Patricio,Castro,patricio.castro@ejemplo.com,Alimentación,PlantBased,Productos plant-based innovadores,8.4,Fernando Rodriguez,Patricia González,Alejandro López,Isabella Martín,
2024-03-17,Magdalena,Jiménez,magdalena.jimenez@ejemplo.com,Deportes,YogaTech,Plataforma de yoga virtual,8.0,Sebastián Ruiz,Valentina Silva,Andrés Moreno,,
2024-01-29,Raimundo,Ramírez,raimundo.ramirez@ejemplo.com,Inmobiliaria,RentTech,Plataforma de arriendo inteligente,7.7,Camila Herrera,Mateo Vargas,Luciana Mendoza,Gabriel Castro,
2024-02-23,Trinidad,Flores,trinidad.flores@ejemplo.com,Medios,NewsAI,Generación automática de noticias,8.8,Victoria Jiménez,Ricardo Aguilar,Daniela Ortiz,,
2024-03-16,Esteban,Luna,esteban.luna@ejemplo.com,Seguridad,CyberDefense,Defensa cibernética para PyMEs,8.5,Manuel Paredes,Carolina Guzmán,Rodrigo Salazar,Natalia Flores,
2024-01-31,Rosario,Vega,rosario.vega@ejemplo.com,Transporte,AutonomousVehicle,Vehículos autónomos urbanos,9.0,Javier Luna,Paula Vega,Emilio Ramos,,
2024-02-07,Clemente,Aguilar,clemente.aguilar@ejemplo.com,Legal,SmartContract,Contratos inteligentes automatizados,8.2,Sofía Delgado,Leonardo Peña,María Cortés,Antonio Guerrero,
2024-03-21,Esperanza,Ortiz,esperanza.ortiz@ejemplo.com,Marketing,InfluencerTech,Plataforma de marketing de influencers,7.9,Valeria Romero,Francisco Medina,Adriana Navarro,,
2024-01-09,Gaspar,Paredes,gaspar.paredes@ejemplo.com,Recursos Humanos,TalentAI,Reclutamiento con inteligencia artificial,8.6,Nicolás Reyes,Catalina Morales,Eduardo Rojas,Mariana Fuentes,
2024-02-28,Pilar,Guzmán,pilar.guzman@ejemplo.com,Biotecnología,MedDevices,Dispositivos médicos inteligentes,8.9,Tomás Espinoza,Constanza Figueroa,Ignacio Campos,,
2024-03-12,Eliseo,Salazar,eliseo.salazar@ejemplo.com,Gaming,EsportsPlatform,Plataforma de deportes electrónicos,7.3,Fernanda Soto,Maximiliano Vera,Antonia Cáceres,Benjamín Carrasco,
2024-01-05,Aurora,Díaz,aurora.diaz@ejemplo.com,Tecnología,QuantumComputing,Computación cuántica aplicada,9.5,Roberto Hernández,Laura Sánchez,Pedro Ramírez,Carmen Torres,Miguel Flores
2024-02-04,Gonzalo,Reyes,gonzalo.reyes@ejemplo.com,Salud,BioSensors,Biosensores para monitoreo continuo,8.7,Ana Morales,Carlos Vargas,Sofia Castro,,
2024-03-03,Rafaela,Soto,rafaela.soto@ejemplo.com,Educación,VREducation,Educación inmersiva con realidad virtual,8.3,Diego Mendoza,Lucia Jiménez,Fernando Rodriguez,,
2024-01-06,Simón,Bravo,simon.bravo@ejemplo.com,Finanzas,RoboAdvisor,Asesor financiero automatizado con IA,8.1,Patricia González,Alejandro López,Isabella Martín,Sebastián Ruiz,
2024-02-09,Bárbara,Muñoz,barbara.munoz@ejemplo.com,Agricultura,VerticalFarming,Granjas verticales urbanas,8.8,Valentina Silva,Andrés Moreno,Camila Herrera,,
2024-03-02,Renato,Araya,renato.araya@ejemplo.com,Logística,LastMile,Soluciones de última milla,7.7,Mateo Vargas,Luciana Mendoza,Gabriel Castro,Victoria Jiménez,
2024-01-07,Macarena,Pizarro,macarena.pizarro@ejemplo.com,Turismo,SpaceTravel,Turismo espacial accesible,9.2,Ricardo Aguilar,Daniela Ortiz,Manuel Paredes,,
2024-02-06,Leonardo,Cortés,leonardo.cortes@ejemplo.com,Retail,SmartMirror,Espejos inteligentes para retail,8.0,Carolina Guzmán,Rodrigo Salazar,Natalia Flores,Javier Luna,
2024-03-08,Paloma,Peña,paloma.pena@ejemplo.com,Salud,GenomeEdit,Edición genómica personalizada,9.3,Paula Vega,Emilio Ramos,Sofía Delgado,,
2024-01-10,Teodoro,Delgado,teodoro.delgado@ejemplo.com,Energía,FusionEnergy,Energía de fusión compacta,8.9,Leonardo Peña,María Cortés,Antonio Guerrero,Valeria Romero,
2024-02-03,Violeta,Guerrero,violeta.guerrero@ejemplo.com,Alimentación,LabMeat,Carne cultivada en laboratorio,8.4,Francisco Medina,Adriana Navarro,Nicolás Reyes,,
2024-03-05,Alfonso,Romero,alfonso.romero@ejemplo.com,Deportes,AICoach,Entrenador deportivo con IA,7.8,Catalina Morales,Eduardo Rojas,Mariana Fuentes,Tomás Espinoza,
2024-01-02,Isadora,Medina,isadora.medina@ejemplo.com,Inmobiliaria,3DPrinting,Construcción con impresión 3D,8.6,Constanza Figueroa,Ignacio Campos,Fernanda Soto,,
2024-02-01,Oscar,Navarro,oscar.navarro@ejemplo.com,Medios,HologramTV,Televisión holográfica interactiva,8.2,Maximiliano Vera,Antonia Cáceres,Benjamín Carrasco,Javiera Tapia,
2024-03-10,Elena,Rojas,elena.rojas@ejemplo.com,Seguridad,QuantumCrypto,Criptografía cuántica comercial,9.1,Vicente Bravo,Francisca Muñoz,Cristóbal Araya,,
2024-01-04,Dante,Fuentes,dante.fuentes@ejemplo.com,Transporte,Hyperloop,Transporte de alta velocidad,8.7,Martina Pizarro,Roberto Hernández,Laura Sánchez,Pedro Ramírez,
2024-02-02,Celeste,Espinoza,celeste.espinoza@ejemplo.com,Legal,AILawyer,Abogado virtual con IA,8.3,Carmen Torres,Miguel Flores,Ana Morales,,
2024-03-11,Arturo,Figueroa,arturo.figueroa@ejemplo.com,Marketing,Neuromarketing,Marketing basado en neurociencia,7.9,Carlos Vargas,Sofia Castro,Diego Mendoza,Lucia Jiménez,
2024-01-03,Luna,Campos,luna.campos@ejemplo.com,Recursos Humanos,VRInterviews,Entrevistas en realidad virtual,8.5,Fernando Rodriguez,Patricia González,Alejandro López,,
2024-02-15,Baltazar,Vera,baltazar.vera@ejemplo.com,Biotecnología,NanoMedicine,Nanomedicina personalizada,9.4,Isabella Martín,Sebastián Ruiz,Valentina Silva,Andrés Moreno,
2024-03-18,Sara,Cáceres,sara.caceres@ejemplo.com,Gaming,CloudGaming,Gaming en la nube sin latencia,8.1,Camila Herrera,Mateo Vargas,Luciana Mendoza,,
2024-01-25,Octavio,Carrasco,octavio.carrasco@ejemplo.com,Tecnología,6G,Redes 6G experimentales,8.8,Gabriel Castro,Victoria Jiménez,Ricardo Aguilar,Daniela Ortiz,
2024-02-19,Amelia,Tapia,amelia.tapia@ejemplo.com,Salud,RegenerativeMed,Medicina regenerativa avanzada,9.0,Manuel Paredes,Carolina Guzmán,Rodrigo Salazar,,
2024-03-14,Rubén,Bravo,ruben.bravo@ejemplo.com,Educación,BrainInterface,Interfaces cerebro-computadora,8.4,Natalia Flores,Javier Luna,Paula Vega,Emilio Ramos,
2024-01-30,Olivia,Morales,olivia.morales@ejemplo.com,Finanzas,DeFi,Finanzas descentralizadas,7.6,Sofía Delgado,Leonardo Peña,María Cortés,,
2024-02-24,Samuel,Ramos,samuel.ramos@ejemplo.com,Agricultura,GeneCrops,Cultivos genéticamente optimizados,8.2,Antonio Guerrero,Valeria Romero,Francisco Medina,Adriana Navarro,
2024-03-23,Emma,Pereira,emma.pereira@ejemplo.com,Logística,SpaceCargo,Logística espacial comercial,9.1,Nicolás Reyes,Catalina Morales,Eduardo Rojas,,
2024-01-12,Isaac,Valenzuela,isaac.valenzuela@ejemplo.com,Turismo,TimeMachine,Experiencias de realidad histórica,8.5,Mariana Fuentes,Tomás Espinoza,Constanza Figueroa,Ignacio Campos,
2024-02-28,Zoe,Contreras,zoe.contreras@ejemplo.com,Retail,EmotionAI,IA para reconocimiento emocional,7.9,Fernanda Soto,Maximiliano Vera,Antonia Cáceres,,
2024-03-17,Elías,Miranda,elias.miranda@ejemplo.com,Salud,SyntheticOrgans,Órganos sintéticos biocompatibles,9.5,Benjamín Carrasco,Javiera Tapia,Vicente Bravo,Francisca Muñoz,
2024-01-22,Alma,Vergara,alma.vergara@ejemplo.com,Energía,WirelessPower,Transmisión inalámbrica de energía,8.7,Cristóbal Araya,Martina Pizarro,Roberto Hernández,,
2024-02-13,Fabián,Castillo,fabian.castillo@ejemplo.com,Alimentación,MolecularFood,Gastronomía molecular automatizada,8.3,Laura Sánchez,Pedro Ramírez,Carmen Torres,Miguel Flores,
2024-03-09,Miranda,Herrera,miranda.herrera@ejemplo.com,Deportes,ExoSkeleton,Exoesqueletos deportivos,8.0,Ana Morales,Carlos Vargas,Sofia Castro,,
2024-01-18,Abel,Navarrete,abel.navarrete@ejemplo.com,Inmobiliaria,FloatingCities,Ciudades flotantes sostenibles,9.2,Diego Mendoza,Lucia Jiménez,Fernando Rodriguez,Patricia González,
2024-02-26,Vera,Molina,vera.molina@ejemplo.com,Medios,MindReading,Tecnología de lectura mental,8.6,Alejandro López,Isabella Martín,Sebastián Ruiz,,
2024-03-20,Damián,Bustos,damian.bustos@ejemplo.com,Seguridad,InvisibleCloak,Camuflaje óptico activo,8.8,Valentina Silva,Andrés Moreno,Camila Herrera,Mateo Vargas,
2024-01-27,Clara,Rivas,clara.rivas@ejemplo.com,Transporte,TeleportPods,Cápsulas de teletransporte urbano,9.3,Luciana Mendoza,Gabriel Castro,Victoria Jiménez,,
2024-02-11,Adrián,Sandoval,adrian.sandoval@ejemplo.com,Legal,TimeLaw,Registro blockchain temporal,8.1,Ricardo Aguilar,Daniela Ortiz,Manuel Paredes,Carolina Guzmán,
2024-03-15,Nora,Pinto,nora.pinto@ejemplo.com,Marketing,DreamAds,Publicidad en sueños,7.7,Rodrigo Salazar,Natalia Flores,Javier Luna,,
2024-01-09,Héctor,Zúñiga,hector.zuniga@ejemplo.com,Recursos Humanos,AIClone,Clones digitales para trabajo,8.9,Paula Vega,Emilio Ramos,Sofía Delgado,Leonardo Peña,
2024-02-22,Mía,Godoy,mia.godoy@ejemplo.com,Biotecnología,AgeReverse,Reversión del envejecimiento,9.4,María Cortés,Antonio Guerrero,Valeria Romero,,
2024-03-06,Dylan,Arancibia,dylan.arancibia@ejemplo.com,Gaming,NeuralGaming,Juegos controlados mentalmente,8.2,Francisco Medina,Adriana Navarro,Nicolás Reyes,Catalina Morales,
2024-01-16,Eva,Leiva,eva.leiva@ejemplo.com,Tecnología,HologramPhone,Teléfonos holográficos portátiles,8.5,Eduardo Rojas,Mariana Fuentes,Tomás Espinoza,,
2024-02-08,Ian,Carvajal,ian.carvajal@ejemplo.com,Salud,NanoRobots,Nanorobots médicos autónomos,9.1,Constanza Figueroa,Ignacio Campos,Fernanda Soto,Maximiliano Vera,
2024-03-24,Uma,Poblete,uma.poblete@ejemplo.com,Educación,MemoryImplant,Implantes de memoria educativa,8.7,Antonia Cáceres,Benjamín Carrasco,Javiera Tapia,,
2024-01-20,Omar,Sepúlveda,omar.sepulveda@ejemplo.com,Finanzas,TimeBank,Banco de tiempo comercializable,7.8,Vicente Bravo,Francisca Muñoz,Cristóbal Araya,Martina Pizarro,
2024-02-17,Iris,Alvarado,iris.alvarado@ejemplo.com,Agricultura,WeatherControl,Control climático localizado,8.4,Roberto Hernández,Laura Sánchez,Pedro Ramírez,,
2024-03-13,Axel,Garrido,axel.garrido@ejemplo.com,Logística,TubeTransport,Transporte por tubos de vacío,8.9,Carmen Torres,Miguel Flores,Ana Morales,Carlos Vargas,
2024-01-24,Maya,Escobar,maya.escobar@ejemplo.com,Turismo,VirtualWorlds,Mundos virtuales persistentes,8.1,Sofia Castro,Diego Mendoza,Lucia Jiménez,,
2024-02-10,Enzo,Valdés,enzo.valdes@ejemplo.com,Retail,PersonalFactory,Fábricas personales domésticas,8.6,Fernando Rodriguez,Patricia González,Alejandro López,Isabella Martín,
2024-03-19,Lara,Maldonado,lara.maldonado@ejemplo.com,Salud,CryoHealing,Criogenia médica regenerativa,9.0,Sebastián Ruiz,Valentina Silva,Andrés Moreno,,
2024-01-11,Neo,Henríquez,neo.henriquez@ejemplo.com,Energía,AntimatterPower,Energía de antimateria,9.6,Camila Herrera,Mateo Vargas,Luciana Mendoza,Gabriel Castro,
2024-02-25,Gaia,Uribe,gaia.uribe@ejemplo.com,Alimentación,AirFood,Síntesis de alimentos del aire,8.3,Victoria Jiménez,Ricardo Aguilar,Daniela Ortiz,,
2024-03-07,Rex,Lagos,rex.lagos@ejemplo.com,Deportes,GravitySports,Deportes en gravedad cero,7.9,Manuel Paredes,Carolina Guzmán,Rodrigo Salazar,Natalia Flores,
2024-01-15,Ulises,Morales,ulises.morales@ejemplo.com,Tecnología,AIAssistant,Asistente personal con IA avanzada,8.8,Javier Luna,Paula Vega,Emilio Ramos,,
2024-02-20,Nina,Castañeda,nina.castaneda@ejemplo.com,Salud,CancerVaccine,Vacunas personalizadas contra el cáncer,9.6,Sofía Delgado,Leonardo Peña,María Cortés,Antonio Guerrero,
2024-03-25,Kai,Durán,kai.duran@ejemplo.com,Educación,NeuralLearning,Aprendizaje directo neural,8.4,Valeria Romero,Francisco Medina,Adriana Navarro,,
2024-01-08,Pia,Lara,pia.lara@ejemplo.com,Finanzas,QuantumTrading,Trading cuántico automatizado,8.1,Nicolás Reyes,Catalina Morales,Eduardo Rojas,Mariana Fuentes,
2024-02-14,Ezra,Cornejo,ezra.cornejo@ejemplo.com,Agricultura,MarsGrowing,Cultivos para colonización marciana,8.9,Tomás Espinoza,Constanza Figueroa,Ignacio Campos,,
2024-03-11,Naia,Ibáñez,naia.ibanez@ejemplo.com,Logística,InstantDelivery,Teletransporte de paquetes,9.2,Fernanda Soto,Maximiliano Vera,Antonia Cáceres,Benjamín Carrasco,
2024-01-19,Otto,Villalobos,otto.villalobos@ejemplo.com,Turismo,TimeTravel,Viajes temporales virtuales,8.5,Javiera Tapia,Vicente Bravo,Francisca Muñoz,,
2024-02-27,Aria,Moya,aria.moya@ejemplo.com,Retail,HolographicShop,Tiendas holográficas personalizadas,7.8,Cristóbal Araya,Martina Pizarro,Roberto Hernández,Laura Sánchez,
2024-03-03,Izan,Barrera,izan.barrera@ejemplo.com,Salud,DNARepair,Reparación de ADN en tiempo real,9.3,Pedro Ramírez,Carmen Torres,Miguel Flores,,
2024-01-21,Gia,Núñez,gia.nunez@ejemplo.com,Energía,DarkEnergy,Aprovechamiento de energía oscura,8.7,Ana Morales,Carlos Vargas,Sofia Castro,Diego Mendoza,
2024-02-09,Leo,Cifuentes,leo.cifuentes@ejemplo.com,Alimentación,SyntheticProtein,Proteínas sintéticas personalizadas,8.2,Lucia Jiménez,Fernando Rodriguez,Patricia González,,
2024-03-16,Mila,Donoso,mila.donoso@ejemplo.com,Deportes,ZeroGravityGym,Gimnasios en gravedad cero,7.9,Alejandro López,Isabella Martín,Sebastián Ruiz,Valentina Silva,
2024-01-13,Iker,Gallardo,iker.gallardo@ejemplo.com,Inmobiliaria,UndergroundCities,Ciudades subterráneas automatizadas,8.6,Andrés Moreno,Camila Herrera,Mateo Vargas,,
2024-02-21,Noa,Prado,noa.prado@ejemplo.com,Medios,ThoughtStream,Transmisión directa de pensamientos,8.3,Luciana Mendoza,Gabriel Castro,Victoria Jiménez,Ricardo Aguilar,
2024-03-28,Hugo,Quintero,hugo.quintero@ejemplo.com,Seguridad,ForceField,Campos de fuerza personales,9.0,Daniela Ortiz,Manuel Paredes,Carolina Guzmán,,
2024-01-26,Lila,Riquelme,lila.riquelme@ejemplo.com,Transporte,WarpDrive,Motores de curvatura comerciales,9.4,Rodrigo Salazar,Natalia Flores,Javier Luna,Paula Vega,
2024-02-06,Enzo,Santana,enzo.santana@ejemplo.com,Legal,PrecrimePrevention,Prevención predictiva del crimen,8.0,Emilio Ramos,Sofía Delgado,Leonardo Peña,,
2024-03-22,Vera,Tobar,vera.tobar@ejemplo.com,Marketing,EmotionControl,Marketing de control emocional,7.5,María Cortés,Antonio Guerrero,Valeria Romero,Francisco Medina,
2024-01-07,Max,Urrutia,max.urrutia@ejemplo.com,Recursos Humanos,PerfectMatch,Emparejamiento perfecto empleado-empresa,8.8,Adriana Navarro,Nicolás Reyes,Catalina Morales,,
2024-02-18,Zara,Villanueva,zara.villanueva@ejemplo.com,Biotecnología,Immortality,Tecnología de inmortalidad,9.7,Eduardo Rojas,Mariana Fuentes,Tomás Espinoza,Constanza Figueroa,
2024-03-01,Theo,Zamora,theo.zamora@ejemplo.com,Gaming,DreamGaming,Videojuegos en sueños lúcidos,8.4,Ignacio Campos,Fernanda Soto,Maximiliano Vera,,
2024-01-17,Lua,Águila,lua.aguila@ejemplo.com,Tecnología,UniversalTranslator,Traductor universal instantáneo,8.1,Antonia Cáceres,Benjamín Carrasco,Javiera Tapia,Vicente Bravo,
2024-02-23,Noah,Becerra,noah.becerra@ejemplo.com,Salud,OrganPrinting,Impresión 3D de órganos humanos,9.2,Francisca Muñoz,Cristóbal Araya,Martina Pizarro,,
2024-03-12,Eva,Cárdenas,eva.cardenas@ejemplo.com,Educación,KnowledgeDownload,Descarga directa de conocimiento,8.7,Roberto Hernández,Laura Sánchez,Pedro Ramírez,Carmen Torres,
2024-01-29,Atlas,Duarte,atlas.duarte@ejemplo.com,Finanzas,TimeCurrency,Moneda basada en tiempo,7.6,Miguel Flores,Ana Morales,Carlos Vargas,,
2024-02-11,Nova,Esparza,nova.esparza@ejemplo.com,Agricultura,CloudSeeding,Control total del clima agrícola,8.5,Sofia Castro,Diego Mendoza,Lucia Jiménez,Fernando Rodriguez,
2024-03-18,Orion,Farías,orion.farias@ejemplo.com,Logística,MatterTransport,Transportación de materia instantánea,9.1,Patricia González,Alejandro López,Isabella Martín,,
2024-01-03,Lyra,Garay,lyra.garay@ejemplo.com,Turismo,ParallelWorlds,Turismo a universos paralelos,8.9,Sebastián Ruiz,Valentina Silva,Andrés Moreno,Camila Herrera,
2024-02-28,Phoenix,Henríquez,phoenix.henriquez@ejemplo.com,Retail,MindShopping,Compras con la mente,8.2,Mateo Vargas,Luciana Mendoza,Gabriel Castro,,
2024-03-08,Luna,Ibarra,luna.ibarra@ejemplo.com,Salud,CellRegeneration,Regeneración celular completa,9.5,Victoria Jiménez,Ricardo Aguilar,Daniela Ortiz,Manuel Paredes,
2024-01-14,Storm,Jara,storm.jara@ejemplo.com,Energía,LightningHarvest,Cosecha de energía de rayos,8.3,Carolina Guzmán,Rodrigo Salazar,Natalia Flores,,
2024-02-19,Sky,Leyton,sky.leyton@ejemplo.com,Alimentación,PhotosynthesisHuman,Fotosíntesis humana artificial,8.8,Javier Luna,Paula Vega,Emilio Ramos,Sofía Delgado,
2024-03-24,River,Márquez,river.marquez@ejemplo.com,Deportes,SuperAthletes,Mejoramiento genético deportivo,7.7,Leonardo Peña,María Cortés,Antonio Guerrero,,
2024-01-11,Ocean,Naranjo,ocean.naranjo@ejemplo.com,Inmobiliaria,OceanCities,Ciudades submarinas autosustentables,9.0,Valeria Romero,Francisco Medina,Adriana Navarro,Nicolás Reyes,
2024-02-05,Forest,Ojeda,forest.ojeda@ejemplo.com,Medios,UniversalConsciousness,Red de consciencia global,8.6,Catalina Morales,Eduardo Rojas,Mariana Fuentes,,
2024-03-15,Sage,Palma,sage.palma@ejemplo.com,Seguridad,PreventiveSecurity,Seguridad preventiva cuántica,8.1,Tomás Espinoza,Constanza Figueroa,Ignacio Campos,Fernanda Soto,
2024-01-23,Dawn,Quezada,dawn.quezada@ejemplo.com,Transporte,GravityDrive,Propulsión antigravedad,9.3,Maximiliano Vera,Antonia Cáceres,Benjamín Carrasco,,
2024-02-16,Raven,Retamal,raven.retamal@ejemplo.com,Legal,UniversalJustice,Sistema de justicia AI universal,7.9,Javiera Tapia,Vicente Bravo,Francisca Muñoz,Cristóbal Araya,
2024-03-26,Echo,Salinas,echo.salinas@ejemplo.com,Marketing,SubconsciousAds,Publicidad subconsciente ética,8.4,Martina Pizarro,Roberto Hernández,Laura Sánchez,,
2024-01-06,Jade,Tagle,jade.tagle@ejemplo.com,Recursos Humanos,EmotionWork,Trabajo basado en emociones,8.0,Pedro Ramírez,Carmen Torres,Miguel Flores,Ana Morales,
2024-02-13,Onyx,Ulloa,onyx.ulloa@ejemplo.com,Biotecnología,SpeciesCreation,Creación de nuevas especies,9.8,Carlos Vargas,Sofia Castro,Diego Mendoza,,
2024-03-17,Ruby,Valdovinos,ruby.valdovinos@ejemplo.com,Gaming,RealityGaming,Juegos que alteran la realidad,8.5,Lucia Jiménez,Fernando Rodriguez,Patricia González,Alejandro López,
2024-01-25,Indigo,Yáñez,indigo.yanez@ejemplo.com,Tecnología,TimeComputer,Computadoras temporales,8.9,Isabella Martín,Sebastián Ruiz,Valentina Silva,,
2024-02-07,Ember,Zapata,ember.zapata@ejemplo.com,Salud,MindHealing,Sanación mental directa,9.1,Andrés Moreno,Camila Herrera,Mateo Vargas,Luciana Mendoza,
2024-03-21,Frost,Astorga,frost.astorga@ejemplo.com,Educación,UniversalEducation,Educación universal instantánea,8.6,Gabriel Castro,Victoria Jiménez,Ricardo Aguilar,,
2024-01-18,Blaze,Bahamonde,blaze.bahamonde@ejemplo.com,Finanzas,FutureTrading,Trading con el futuro,7.8,Daniela Ortiz,Manuel Paredes,Carolina Guzmán,Rodrigo Salazar,
2024-02-24,Azure,Cabello,azure.cabello@ejemplo.com,Agricultura,InstantGrowth,Crecimiento instantáneo de cultivos,8.7,Natalia Flores,Javier Luna,Paula Vega,,
2024-03-10,Crimson,Dávila,crimson.davila@ejemplo.com,Logística,DimensionalStorage,Almacenamiento dimensional,9.0,Emilio Ramos,Sofía Delgado,Leonardo Peña,María Cortés,
2024-01-27,Silver,Elizalde,silver.elizalde@ejemplo.com,Turismo,MemoryVacation,Vacaciones de memoria implantada,8.2,Antonio Guerrero,Valeria Romero,Francisco Medina,,
2024-02-12,Gold,Fuentealba,gold.fuentealba@ejemplo.com,Retail,DesireReading,Lectura de deseos del consumidor,7.9,Adriana Navarro,Nicolás Reyes,Catalina Morales,Eduardo Rojas,
2024-03-29,Pearl,Gamboa,pearl.gamboa@ejemplo.com,Salud,YouthSerum,Suero de juventud eterna,9.4,Mariana Fuentes,Tomás Espinoza,Constanza Figueroa,,
2024-01-09,Diamond,Hinojosa,diamond.hinojosa@ejemplo.com,Energía,VacuumEnergy,Energía del vacío cuántico,8.8,Ignacio Campos,Fernanda Soto,Maximiliano Vera,Antonia Cáceres,
2024-02-26,Crystal,Inostroza,crystal.inostroza@ejemplo.com,Alimentación,NutrientAir,Nutrientes respirables,8.3,Benjamín Carrasco,Javiera Tapia,Vicente Bravo,,
2024-03-05,Opal,Jorquera,opal.jorquera@ejemplo.com,Deportes,MindOlympics,Olimpiadas mentales,7.6,Francisca Muñoz,Cristóbal Araya,Martina Pizarro,Roberto Hernández,
2024-01-16,Amber,Keller,amber.keller@ejemplo.com,Inmobiliaria,SpaceHabitats,Hábitats espaciales privados,9.2,Laura Sánchez,Pedro Ramírez,Carmen Torres,,
2024-02-08,Coral,Lazcano,coral.lazcano@ejemplo.com,Medios,EmotionBroadcast,Transmisión de emociones,8.5,Miguel Flores,Ana Morales,Carlos Vargas,Sofia Castro,
2024-03-14,Jasper,Matus,jasper.matus@ejemplo.com,Seguridad,ThoughtShield,Escudos de pensamiento,8.0,Diego Mendoza,Lucia Jiménez,Fernando Rodriguez,,
2024-01-22,Flint,Neira,flint.neira@ejemplo.com,Transporte,PortalNetwork,Red de portales urbanos,9.1,Patricia González,Alejandro López,Isabella Martín,Sebastián Ruiz,
2024-02-15,Stone,Órdenes,stone.ordenes@ejemplo.com,Legal,TruthDetection,Detección absoluta de verdad,8.4,Valentina Silva,Andrés Moreno,Camila Herrera,,
2024-03-23,Clay,Pacheco,clay.pacheco@ejemplo.com,Marketing,DreamMarketing,Marketing en sueños,7.7,Mateo Vargas,Luciana Mendoza,Gabriel Castro,Victoria Jiménez,
2024-01-04,Sand,Quiñones,sand.quinones@ejemplo.com,Recursos Humanos,TalentPrediction,Predicción de talento futuro,8.6,Ricardo Aguilar,Daniela Ortiz,Manuel Paredes,,
2024-02-21,Dust,Rosales,dust.rosales@ejemplo.com,Biotecnología,EvolutionAccelerator,Acelerador de evolución,9.5,Carolina Guzmán,Rodrigo Salazar,Natalia Flores,Javier Luna,
2024-03-11,Wind,Saavedra,wind.saavedra@ejemplo.com,Gaming,ConsciousnessGaming,Juegos de consciencia pura,8.1,Paula Vega,Emilio Ramos,Sofía Delgado,,
2024-01-28,Rain,Tabilo,rain.tabilo@ejemplo.com,Tecnología,QuantumInternet,Internet cuántico global,8.7,Leonardo Peña,María Cortés,Antonio Guerrero,Valeria Romero,
2024-02-04,Snow,Ugarte,snow.ugarte@ejemplo.com,Salud,DiseasePrevention,Prevención total de enfermedades,9.3,Francisco Medina,Adriana Navarro,Nicolás Reyes,,
2024-03-27,Ice,Valdebenito,ice.valdebenito@ejemplo.com,Educación,InstantExpertise,Expertise instantáneo,8.4,Catalina Morales,Eduardo Rojas,Mariana Fuentes,Tomás Espinoza,
2024-01-12,Fire,Wenger,fire.wenger@ejemplo.com,Finanzas,UniversalIncome,Ingreso universal automatizado,7.9,Constanza Figueroa,Ignacio Campos,Fernanda Soto,,
2024-02-17,Earth,Ximénez,earth.ximenez@ejemplo.com,Agricultura,TerraformingEarth,Terraformación terrestre,8.8,Maximiliano Vera,Antonia Cáceres,Benjamín Carrasco,Javiera Tapia,
2024-03-09,Water,Yévenes,water.yevenes@ejemplo.com,Logística,QuantumLogistics,Logística cuántica instantánea,8.5,Vicente Bravo,Francisca Muñoz,Cristóbal Araya,,
2024-01-19,Air,Zepeda,air.zepeda@ejemplo.com,Turismo,ConsciousnessTravel,Viaje de consciencia pura,9.0,Martina Pizarro,Roberto Hernández,Laura Sánchez,Pedro Ramírez,
2024-02-25,Spirit,Álamos,spirit.alamos@ejemplo.com,Retail,SoulCommerce,Comercio del alma,8.2,Carmen Torres,Miguel Flores,Ana Morales,,
2024-03-02,Soul,Benítez,soul.benitez@ejemplo.com,Salud,ImmortalitySerum,Suero de inmortalidad,9.7,Carlos Vargas,Sofia Castro,Diego Mendoza,Lucia Jiménez,
2024-01-05,Mind,Cáceres,mind.caceres@ejemplo.com,Energía,ThoughtPower,Energía del pensamiento,8.6,Fernando Rodriguez,Patricia González,Alejandro López,,
2024-02-10,Heart,Dinamarca,heart.dinamarca@ejemplo.com,Alimentación,EmotionFood,Comida emocional,8.0,Isabella Martín,Sebastián Ruiz,Valentina Silva,Andrés Moreno,
2024-03-19,Vision,Elgueta,vision.elgueta@ejemplo.com,Deportes,FutureSports,Deportes del futuro,7.8,Camila Herrera,Mateo Vargas,Luciana Mendoza,,
2024-01-21,Dream,Ferreyra,dream.ferreyra@ejemplo.com,Inmobiliaria,DreamHomes,Hogares de ensueño literal,8.9,Gabriel Castro,Victoria Jiménez,Ricardo Aguilar,Daniela Ortiz,
2024-02-03,Hope,Gallegos,hope.gallegos@ejemplo.com,Medios,HopeNetwork,Red de esperanza global,8.3,Manuel Paredes,Carolina Guzmán,Rodrigo Salazar,,
2024-03-30,Faith,Hermosilla,faith.hermosilla@ejemplo.com,Seguridad,FaithShield,Escudo de fe cuántica,7.7,Natalia Flores,Javier Luna,Paula Vega,Emilio Ramos